number,question,option_a,option_b,option_c,option_d,correct_answer,state
1,"In Deutschland dürfen Menschen offen etwas gegen die Regierung sagen, weil ...",hier Meinungsfreiheit gilt.,hier Religionsfreiheit gilt.,die Menschen Steuern zahlen.,die Menschen das Wahlrecht haben.,A,Allgemein (alle Bundesländer)
2,"In Deutschland können Eltern bis zum 14. Lebensjahr ihres Kindes entscheiden, ob es in der Schule am Religionsunterricht teilnimmt.",Religionsunterricht teilnimmt.,Geschichtsunterricht teilnimmt.,Politikunterricht teilnimmt.,Sprachunterricht teilnimmt.,A,Allgemein (alle Bundesländer)
3,Deutschland ist ein Rechtsstaat. Was ist damit gemeint?,Alle Einwohner und der Staat müssen sich an die Gesetze halten.,Der Staat muss sich nicht an die Gesetze halten.,Nur Deutsche müssen die Gesetze befolgen.,Die Gerichte machen die Gesetze.,A,Allgemein (alle Bundesländer)
4,Welches Recht gehört zu den Grundrechten in Deutschland?,Meinungsfreiheit,Waffenbesitz,Faustrecht,Selbstjustiz,A,Allgemein (alle Bundesländer)
5,Wahlen in Deutschland sind frei. Was bedeutet das?,Der Wähler darf weder beeinflusst noch zu einer Stimmabgabe gezwungen werden.,"Man darf Geld annehmen, wenn man dafür einen bestimmten Kandidaten wählt.","Nur Personen, die noch nie im Gefängnis waren, dürfen wählen.",Alle wahlberechtigten Personen müssen wählen.,A,Allgemein (alle Bundesländer)
6,Wie heißt die deutsche Verfassung?,Grundgesetz,Volksgesetz,Bundesgesetz,Deutsches Gesetz,A,Allgemein (alle Bundesländer)
7,Welches Recht gehört zu den Grundrechten nach der deutschen Verfassung?,Glaubens- und Gewissensfreiheit,Unterhaltung,Arbeit,Wohnung,A,Allgemein (alle Bundesländer)
8,Was steht nicht im Grundgesetz von Deutschland?,Alle sollen gleich viel Geld haben.,Die Würde des Menschen ist unantastbar.,Jeder Mensch darf seine Meinung sagen.,Alle sind vor dem Gesetz gleich.,A,Allgemein (alle Bundesländer)
9,Welches Grundrecht gilt in Deutschland nur für Ausländer?,Asyl,Schutz der Familie,Menschenwürde,Meinungsfreiheit,A,Allgemein (alle Bundesländer)
10,Was ist mit dem deutschen Grundgesetz vereinbar?,die Geldstrafe,die Prügelstrafe,die Folter,die Todesstrafe,A,Allgemein (alle Bundesländer)
11,Wie wird die Verfassung der Bundesrepublik Deutschland genannt?,Grundgesetz,Bundesverfassung,Gesetzbuch,Verfassungsvertrag,A,Allgemein (alle Bundesländer)
12,Eine Partei im Deutschen Bundestag will die Pressefreiheit abschaffen. Ist das möglich?,"Nein, denn die Pressefreiheit ist ein Grundrecht und kann nicht abgeschafft werden.","Ja, wenn mehr als die Hälfte der Abgeordneten dafür sind.","Ja, aber dazu müssen zwei Drittel der Abgeordneten dafür sein.","Nein, denn nur der Bundesrat kann die Pressefreiheit abschaffen.",A,Allgemein (alle Bundesländer)
13,Im Parlament steht der Begriff Opposition für...,"alle Abgeordneten, die nicht zur Regierungspartei gehören.",die regierenden Parteien.,die Fraktion mit den meisten Abgeordneten.,"alle Parteien, die die 5%-Hürde erreicht haben.",A,Allgemein (alle Bundesländer)
14,"Meinungsfreiheit in Deutschland heißt zum Beispiel, dass ich...",meine Meinung im Internet äußern kann.,Passanten auf der Straße beschimpfen darf.,Nazi- oder IS-Symbole öffentlich tragen darf.,"meine Meinung nur äußern darf, solange ich der Regierung nicht widerspreche.",A,Allgemein (alle Bundesländer)
15,Was verbietet das deutsche Grundgesetz?,Zwangsarbeit,Militärdienst,freie Berufswahl,Arbeit im Ausland,A,Allgemein (alle Bundesländer)
16,Wann ist die Meinungsfreiheit in Deutschland eingeschränkt?,bei der öffentlichen Verbreitung falscher Behauptungen über einzelne Personen,bei Meinungsäußerungen über die Bundesregierung,bei Diskussionen über Religionen,bei Kritik am Staat,A,Allgemein (alle Bundesländer)
17,Die deutschen Gesetze verbieten...,Ungleichbehandlung der Bürger durch den Staat.,Meinungsfreiheit der Einwohner.,Petitionen der Bürger.,Versammlungsfreiheit der Einwohner.,A,Allgemein (alle Bundesländer)
18,Welches Grundrecht ist in Artikel 1 des Grundgesetzes garantiert?,die Unantastbarkeit der Menschenwürde,das Recht auf Leben,Religionsfreiheit,Meinungsfreiheit,A,Allgemein (alle Bundesländer)
19,Was versteht man unter dem Recht der Freizügigkeit in Deutschland?,Man darf sich seinen Wohnort selbst aussuchen.,Man kann seinen Beruf wechseln.,Man darf sich für eine andere Religion entscheiden.,Man darf sich in der Öffentlichkeit nur leicht bekleidet bewegen.,A,Allgemein (alle Bundesländer)
20,Eine Partei in Deutschland verfolgt das Ziel eine Diktatur zu errichten. Sie ist dann...,verfassungswidrig.,tolerant.,rechtsstaatlich orientiert.,gesetzestreu.,A,Allgemein (alle Bundesländer)
21,Welches ist das Wappen der Bundesrepublik Deutschland? (Bildaufgabe),Antwort 1 (Bundesadler),Antwort 2,Antwort 3,Antwort 4,A,Allgemein (alle Bundesländer)
22,Was für eine Staatsform hat Deutschland?,Republik,Monarchie,Diktatur,Fürstentum,A,Allgemein (alle Bundesländer)
23,In Deutschland sind die meisten Erwerbstätigen...,bei einer Firma oder Behörde beschäftigt.,in kleinen Familienunternehmen beschäftigt.,ehrenamtlich für ein Bundesland tätig.,selbständig mit einer eigenen Firma tätig.,A,Allgemein (alle Bundesländer)
24,Wie viele Bundesländer hat die Bundesrepublik Deutschland?,16,14,15,17,A,Allgemein (alle Bundesländer)
25,Was ist kein Bundesland der Bundesrepublik Deutschland?,Elsass-Lothringen,Nordrhein-Westfalen,Mecklenburg-Vorpommern,Sachsen-Anhalt,A,Allgemein (alle Bundesländer)
26,Deutschland ist...,ein demokratischer und sozialer Bundesstaat.,eine kommunistische Republik.,eine kapitalistische und soziale Monarchie.,ein sozialer und sozialistischer Bundesstaat.,A,Allgemein (alle Bundesländer)
27,Deutschland ist... (2),ein Bundesstaat.,ein sozialistischer Staat.,eine Diktatur.,eine Monarchie.,A,Allgemein (alle Bundesländer)
28,Wer wählt in Deutschland die Abgeordneten zum Bundestag?,das wahlberechtigte Volk,das Militär,die Wirtschaft,die Verwaltung,A,Allgemein (alle Bundesländer)
29,Welches Tier ist das Wappentier der Bundesrepublik Deutschland?,Adler,Löwe,Bär,Pferd,A,Allgemein (alle Bundesländer)
30,Was ist kein Merkmal unserer Demokratie?,Pressezensur,regelmäßige Wahlen,Meinungsfreiheit,verschiedene Parteien,A,Allgemein (alle Bundesländer)
31,Die Zusammenarbeit von Parteien zur Bildung einer Regierung nennt man in Deutschland...,Koalition.,Einheit.,Ministerium.,Fraktion.,A,Allgemein (alle Bundesländer)
32,Was ist keine staatliche Gewalt in Deutschland?,Presse,Gesetzgebung,Regierung,Rechtsprechung,A,Allgemein (alle Bundesländer)
33,Welche Aussage ist richtig? In Deutschland...,sind Staat und Religionsgemeinschaften voneinander getrennt.,bilden die Religionsgemeinschaften den Staat.,ist der Staat abhängig von den Religionsgemeinschaften.,bilden Staat und Religionsgemeinschaften eine Einheit.,A,Allgemein (alle Bundesländer)
34,Was ist Deutschland nicht?,eine Monarchie,eine Demokratie,ein Rechtsstaat,ein Sozialstaat,A,Allgemein (alle Bundesländer)
35,Womit finanziert der deutsche Staat die Sozialversicherung?,Sozialabgaben,Kirchensteuern,Spendengeldern,Vereinsbeiträgen,A,Allgemein (alle Bundesländer)
36,Welche Maßnahme schafft in Deutschland soziale Sicherheit?,die Krankenversicherung,die Autoversicherung,die Gebäudeversicherung,die Haftpflichtversicherung,A,Allgemein (alle Bundesländer)
37,Wie werden die Regierungschefs der meisten Bundesländer in Deutschland genannt?,Ministerpräsident / Ministerpräsidentin,Erster Minister / Erste Ministerin,Premierminister / Premierministerin,Senator / Senatorin,A,Allgemein (alle Bundesländer)
38,Die Bundesrepublik Deutschland ist ein demokratischer und sozialer...,Bundesstaat.,Staatenverbund.,Staatenbund.,Zentralstaat.,A,Allgemein (alle Bundesländer)
39,Was hat jedes deutsche Bundesland?,eine eigene Regierung,einen eigenen Außenminister,eine eigene Währung,eine eigene Armee,A,Allgemein (alle Bundesländer)
40,Mit welchen Worten beginnt die deutsche Nationalhymne?,Einigkeit und Recht und Freiheit ...,"Völker, hört die Signale ...",Freude schöner Götterfunken ...,Deutschland einig Vaterland ...,A,Allgemein (alle Bundesländer)
41,Warum gibt es in einer Demokratie mehr als eine Partei?,weil dadurch die unterschiedlichen Meinungen der Bürger vertreten werden,damit Bestechung in der Politik begrenzt wird,um politische Demonstrationen zu verhindern,um wirtschaftlichen Wettbewerb anzuregen,A,Allgemein (alle Bundesländer)
42,Wer beschließt in Deutschland ein neues Gesetz?,das Parlament,die Regierung,die Gerichte,die Polizei,A,Allgemein (alle Bundesländer)
43,Wann kann in Deutschland eine Partei verboten werden?,wenn sie gegen die Verfassung kämpft,wenn ihr Wahlkampf zu teuer ist,wenn sie Kritik am Staatsoberhaupt äußert,wenn ihr Programm eine neue Richtung vorschlägt,A,Allgemein (alle Bundesländer)
44,Wen kann man als Bürger in Deutschland nicht direkt wählen?,den Bundespräsidenten / die Bundespräsidentin,Abgeordnete des EU-Parlaments,Landtagsabgeordnete,Bundestagsabgeordnete,A,Allgemein (alle Bundesländer)
45,Zu welcher Versicherung gehört die Pflegeversicherung?,Sozialversicherung,Unfallversicherung,Hausratversicherung,Haftpflicht- und Feuerversicherung,A,Allgemein (alle Bundesländer)
46,Der deutsche Staat hat viele Aufgaben. Welche Aufgabe gehört dazu?,Er baut Straßen und Schulen.,Er verkauft Lebensmittel und Kleidung.,Er versorgt alle Einwohner kostenlos mit Zeitungen.,Er produziert Autos und Busse.,A,Allgemein (alle Bundesländer)
47,Der deutsche Staat hat viele Aufgaben. Welche Aufgabe gehört nicht dazu?,Er bezahlt für alle Staatsangehörigen Urlaubsreisen.,Er zahlt Kindergeld.,Er unterstützt Museen.,Er fördert Sportler und Sportlerinnen.,A,Allgemein (alle Bundesländer)
48,Welches Organ gehört nicht zu den Verfassungsorganen Deutschlands?,die Bürgerversammlung,der Bundesrat,der Bundespräsident / die Bundespräsidentin,die Regierung,A,Allgemein (alle Bundesländer)
49,Wer bestimmt in Deutschland die Schulpolitik?,die Bundesländer,die Lehrer und Lehrerinnen,das Familienministerium,die Universitäten,A,Allgemein (alle Bundesländer)
50,Die Wirtschaftsform in Deutschland nennt man...,soziale Marktwirtschaft.,freie Zentralwirtschaft.,gelenkte Zentralwirtschaft.,Planwirtschaft.,A,Allgemein (alle Bundesländer)
51,Zu einem demokratischen Rechtsstaat gehört es nicht dass...,Menschen von einer Privatpolizei ohne Grund verhaftet werden.,Menschen sich kritisch über die Regierung äußern können.,Bürger friedlich demonstrieren gehen dürfen.,jemand ein Verbrechen begeht und deshalb verhaftet wird.,A,Allgemein (alle Bundesländer)
52,Was bedeutet Volkssouveränität? Alle Staatsgewalt geht vom...,Volke aus.,Bundestag aus.,preußischen König aus.,Bundesverfassungsgericht aus.,A,Allgemein (alle Bundesländer)
53,Was bedeutet Rechtsstaat in Deutschland?,Der Staat muss die Gesetze einhalten.,Der Staat hat Recht.,Es gibt nur rechte Parteien.,Die Bürger entscheiden über Gesetze.,A,Allgemein (alle Bundesländer)
54,Was ist keine staatliche Gewalt in Deutschland? (2),Direktive,Legislative,Judikative,Exekutive,A,Allgemein (alle Bundesländer)
55,Was zeigt dieses Bild? (Bundestagssitz),den Bundestagssitz in Berlin,das Bundesverfassungsgericht in Karlsruhe,das Bundesratsgebäude in Berlin,das Bundeskanzleramt in Berlin,A,Allgemein (alle Bundesländer)
56,Welches Amt gehört in Deutschland zur Gemeindeverwaltung?,Ordnungsamt,Pfarramt,Finanzamt,Auswärtiges Amt,A,Allgemein (alle Bundesländer)
57,Wer wird meistens zum Präsidenten des Deutschen Bundestages gewählt?,ein Abgeordneter der stärksten Fraktion,der älteste Abgeordnete im Parlament,der Ministerpräsident des größten Bundeslandes,ein ehemaliger Bundeskanzler,A,Allgemein (alle Bundesländer)
58,Wer ernennt in Deutschland die Minister der Bundesregierung?,der Bundespräsident / die Bundespräsidentin,der Präsident des Bundesverfassungsgerichtes,der Bundesratspräsident,der Bundestagspräsident,A,Allgemein (alle Bundesländer)
59,Vor wie vielen Jahren gab es erstmals eine jüdische Gemeinde auf dem Gebiet des heutigen Deutschlands?,vor etwa 1700 Jahren,vor etwa 300 Jahren,vor etwa 700 Jahren,vor etwa 1150 Jahren,A,Allgemein (alle Bundesländer)
60,In Deutschland gehören der Bundestag und der Bundesrat zur...,Legislative.,Exekutive.,Direktive.,Judikative.,A,Allgemein (alle Bundesländer)
61,Was bedeutet Volkssouveränität? (2),Die Staatsgewalt geht vom Volke aus.,Der König herrscht über das Volk.,Das Bundesverfassungsgericht steht über der Verfassung.,Die Interessenverbände üben die Souveränität aus.,A,Allgemein (alle Bundesländer)
62,Wenn das Parlament eines deutschen Bundeslandes gewählt wird nennt man das...,Landtagswahl.,Kommunalwahl.,Europawahl.,Bundestagswahl.,A,Allgemein (alle Bundesländer)
63,Was gehört in Deutschland nicht zur Exekutive?,die Gerichte,die Polizei,das Finanzamt,die Ministerien,A,Allgemein (alle Bundesländer)
64,Die Bundesrepublik Deutschland ist heute gegliedert in...,"Bund, Länder und Kommunen.",vier Besatzungszonen.,einen Oststaat und einen Weststaat.,16 Kantone.,A,Allgemein (alle Bundesländer)
65,Es gehört nicht zu den Aufgaben des Deutschen Bundestages...,das Bundeskabinett zu bilden.,Gesetze zu entwerfen.,die Bundesregierung zu kontrollieren.,den Bundeskanzler zu wählen.,A,Allgemein (alle Bundesländer)
66,Welche Städte haben die größten jüdischen Gemeinden in Deutschland?,Berlin und München,Hamburg und Essen,Nürnberg und Stuttgart,Worms und Speyer,A,Allgemein (alle Bundesländer)
67,Was ist in Deutschland vor allem eine Aufgabe der Bundesländer?,Schulpolitik,Verteidigungspolitik,Außenpolitik,Wirtschaftspolitik,A,Allgemein (alle Bundesländer)
68,Warum kontrolliert der Staat in Deutschland das Schulwesen?,weil es nach dem Grundgesetz seine Aufgabe ist,weil es in Deutschland nur staatliche Schulen gibt,weil alle Schüler einen Schulabschluss haben müssen,weil es in den Bundesländern verschiedene Schulen gibt,A,Allgemein (alle Bundesländer)
69,Wie heißt die unterste politische Stufe im deutschen Verwaltungsaufbau?,Gemeinden und Kommunen,Stadträte,Landräte,Bezirksämter,A,Allgemein (alle Bundesländer)
70,Was gehört zu den Aufgaben des deutschen Bundespräsidenten?,Er schlägt den Kanzler zur Wahl vor.,Er führt die Regierungsgeschäfte.,Er kontrolliert die Regierungspartei.,Er wählt die Minister aus.,A,Allgemein (alle Bundesländer)
71,Wo hält sich der deutsche Bundeskanzler am häufigsten auf?,"in Berlin, weil sich dort das Bundeskanzleramt und der Bundestag befinden.","in Bonn, weil sich dort das Bundeskanzleramt und der Bundestag befinden.","auf Schloss Meseberg, dem Gästehaus der Bundesregierung.","auf Schloss Bellevue, dem Amtssitz des Bundespräsidenten.",A,Allgemein (alle Bundesländer)
72,Wie heißt der jetzige Bundeskanzler von Deutschland?,Olaf Scholz,Gerhard Schröder,Jürgen Rüttgers,Klaus Wowereit,A,Allgemein (alle Bundesländer)
73,Die beiden größten Fraktionen im Deutschen Bundestag heißen zurzeit...,CDU/CSU und SPD.,Die Linke und Bündnis 90/Die Grünen.,FDP und SPD.,Die Linke und FDP.,A,Allgemein (alle Bundesländer)
74,Wie heißt das Parlament für ganz Deutschland?,Bundestag,Bundesversammlung,Volkskammer,Bundesgerichtshof,A,Allgemein (alle Bundesländer)
75,Wie heißt Deutschlands heutiges Staatsoberhaupt?,Frank-Walter Steinmeier,Norbert Lammert,Wolfgang Thierse,Edmund Stoiber,A,Allgemein (alle Bundesländer)
76,Was bedeutet die Abkürzung CDU in Deutschland?,Christlich Demokratische Union,Christliche Deutsche Union,Club Deutscher Unternehmer,Christlicher Deutscher Umweltschutz,A,Allgemein (alle Bundesländer)
77,Was ist die Bundeswehr?,die deutsche Armee,die deutsche Polizei,ein deutscher Hafen,eine deutsche Bürgerinitiative,A,Allgemein (alle Bundesländer)
78,Was bedeutet die Abkürzung SPD?,Sozialdemokratische Partei Deutschlands,Sozialistische Partei Deutschlands,Sozialpolitische Partei Deutschlands,Sozialgerechte Partei Deutschlands,A,Allgemein (alle Bundesländer)
79,Was bedeutet die Abkürzung FDP in Deutschland?,Freie Demokratische Partei,Friedliche Demonstrative Partei,Freie Deutschland Partei,Führende Demokratische Partei,A,Allgemein (alle Bundesländer)
80,Welches Gericht in Deutschland ist zuständig für die Auslegung des Grundgesetzes?,Bundesverfassungsgericht,Oberlandesgericht,Amtsgericht,Verwaltungsgericht,A,Allgemein (alle Bundesländer)
81,Wer wählt den Bundeskanzler in Deutschland?,der Bundestag,der Bundesrat,die Bundesversammlung,das Volk,A,Allgemein (alle Bundesländer)
82,Wer leitet das deutsche Bundeskabinett?,der Bundeskanzler / die Bundeskanzlerin,der Bundestagspräsident,der Bundespräsident,der Bundesratspräsident,A,Allgemein (alle Bundesländer)
83,Wer wählt den deutschen Bundeskanzler? (2),der Bundestag,das Volk,die Bundesversammlung,die Bundesregierung,A,Allgemein (alle Bundesländer)
84,Welche Hauptaufgabe hat der deutsche Bundespräsident?,repräsentiert das Land.,regiert das Land.,entwirft die Gesetze.,überwacht die Einhaltung der Gesetze.,A,Allgemein (alle Bundesländer)
85,Wer bildet den deutschen Bundesrat?,die Regierungsvertreter der Bundesländer,die Abgeordneten des Bundestages,die Minister der Bundesregierung,die Parteimitglieder,A,Allgemein (alle Bundesländer)
86,Wer wählt in Deutschland den Bundespräsidenten?,die Bundesversammlung,der Bundesrat,das Bundesparlament,das Bundesverfassungsgericht,A,Allgemein (alle Bundesländer)
87,Wer ist das Staatsoberhaupt der Bundesrepublik Deutschland?,der Bundespräsident / die Bundespräsidentin,der Bundeskanzler / die Bundeskanzlerin,der Bundesratspräsident,der Bundestagspräsident,A,Allgemein (alle Bundesländer)
88,Die parlamentarische Opposition im Deutschen Bundestag...,kontrolliert die Regierung.,"entscheidet, wer Bundesminister wird.","bestimmt, wer im Bundesrat sitzt.",schlägt die Regierungschefs der Länder vor.,A,Allgemein (alle Bundesländer)
89,Wie nennt man in Deutschland die Vereinigung von Abgeordneten einer Partei im Parlament?,Fraktion,Verband,Ältestenrat,Opposition,A,Allgemein (alle Bundesländer)
90,Die deutschen Bundesländer wirken an der Gesetzgebung des Bundes mit durch...,den Bundesrat.,die Bundesversammlung.,den Bundestag.,die Bundesregierung.,A,Allgemein (alle Bundesländer)
91,In Deutschland kann ein Regierungswechsel in einem Bundesland Auswirkungen auf die Bundespolitik haben. Das Regieren wird...,"schwieriger, wenn dadurch die Mehrheit im Bundesrat verändert wird.","schwieriger, wenn sich dadurch die Mehrheit im Bundestag ändert.","leichter, wenn dadurch neue Parteien in den Bundesrat kommen.","leichter, wenn es sich um ein reiches Bundesland handelt.",A,Allgemein (alle Bundesländer)
92,Was bedeutet die Abkürzung CSU in Deutschland?,Christlich Soziale Union,Christlich Sichere Union,Christlich Süddeutsche Union,Christlich Sozialer Unternehmerverband,A,Allgemein (alle Bundesländer)
93,"Je mehr Zweitstimmen eine Partei bei einer Bundestagswahl bekommt, desto...",mehr Sitze erhält die Partei im Parlament.,weniger Erststimmen kann sie haben.,mehr Direktkandidaten der Partei ziehen ins Parlament ein.,größer ist das Risiko eine Koalition bilden zu müssen.,A,Allgemein (alle Bundesländer)
94,Ab welchem Alter darf man in Deutschland an der Wahl zum Deutschen Bundestag teilnehmen?,18,16,21,23,A,Allgemein (alle Bundesländer)
95,Was gilt für die meisten Kinder in Deutschland?,Schulpflicht,Wahlpflicht,Schweigepflicht,Religionspflicht,A,Allgemein (alle Bundesländer)
96,Wie kann jemand der den Holocaust leugnet bestraft werden?,mit Freiheitsstrafe bis zu fünf Jahren oder mit Geldstrafe,Kürzung sozialer Leistungen,bis zu 100 Sozialstunden,"gar nicht, Holocaustleugnung ist erlaubt",A,Allgemein (alle Bundesländer)
97,Was bezahlt man in Deutschland automatisch wenn man fest angestellt ist?,Sozialversicherung,Sozialhilfe,Kindergeld,Wohngeld,A,Allgemein (alle Bundesländer)
98,Wenn Abgeordnete im Deutschen Bundestag ihre Fraktion wechseln...,kann die Regierung ihre Mehrheit verlieren.,dürfen sie nicht mehr an den Sitzungen teilnehmen.,muss der Bundespräsident zuvor sein Einverständnis geben.,dürfen die Wähler dieser Abgeordneten noch einmal wählen.,A,Allgemein (alle Bundesländer)
99,Wer bezahlt in Deutschland die Sozialversicherungen?,Arbeitgeber und Arbeitnehmer gemeinsam,nur Arbeitnehmer,alle Staatsangehörigen,nur Arbeitgeber,A,Allgemein (alle Bundesländer)
100,Was gehört nicht zur gesetzlichen Sozialversicherung?,die Lebensversicherung,die gesetzliche Rentenversicherung,die Arbeitslosenversicherung,die Pflegeversicherung,A,Allgemein (alle Bundesländer)
101,Gewerkschaften sind Interessenverbände der...,Arbeitnehmer und Arbeitnehmerinnen.,Jugendlichen.,Rentner und Rentnerinnen.,Arbeitgeber und Arbeitgeberinnen.,A,Allgemein (alle Bundesländer)
102,Womit kann man in der Bundesrepublik Deutschland für besondere Leistungen geehrt werden?,Bundesverdienstkreuz,Bundesadler,Vaterländischen Verdienstorden,Ehrentitel Held der Deutschen Demokratischen Republik,A,Allgemein (alle Bundesländer)
103,Was wird in Deutschland als Ampelkoalition bezeichnet?,"Zusammenarbeit von SPD, FDP und Bündnis 90/Die Grünen in einer Regierung",Bundestagsfraktionen von CDU und CSU,"Zusammenarbeit von CSU, Die LINKE und Bündnis 90/Die Grünen",Bundestagsfraktionen von CDU und SPD,A,Allgemein (alle Bundesländer)
104,Eine Frau in Deutschland verliert ihre Arbeit. Was darf nicht der Grund für diese Entlassung sein?,Die Frau bekommt ein Kind und ihr Chef weiß das.,Die Frau ist lange krank und arbeitsunfähig.,Die Frau kam oft zu spät zur Arbeit.,Die Frau erledigt private Sachen während der Arbeitszeit.,A,Allgemein (alle Bundesländer)
105,Was ist eine Aufgabe von Wahlhelfern in Deutschland?,Sie zählen die Stimmen nach dem Ende der Wahl.,Sie helfen alten Menschen bei der Stimmabgabe.,Sie schreiben die Wahlbenachrichtigungen vor der Wahl.,Sie geben Zwischenergebnisse an die Medien weiter.,A,Allgemein (alle Bundesländer)
106,Was ist eine Aufgabe von Wahlhelfern in Deutschland? (2),Sie zählen die Stimmen nach dem Ende der Wahl.,Sie helfen Kindern und alten Menschen beim Wählen.,Sie schreiben Karten mit der Angabe des Wahllokals.,Sie geben Zwischenergebnisse an Journalisten weiter.,A,Allgemein (alle Bundesländer)
107,Für wie viele Jahre wird der Bundestag in Deutschland gewählt?,4 Jahre,2 Jahre,6 Jahre,8 Jahre,A,Allgemein (alle Bundesländer)
108,Bei einer Bundestagswahl in Deutschland darf jeder wählen der...,Bürger der Bundesrepublik Deutschland ist und mindestens 18 Jahre alt ist.,in der Bundesrepublik Deutschland wohnt und wählen möchte.,seit mindestens 3 Jahren in der Bundesrepublik Deutschland lebt.,Bürger der Bundesrepublik Deutschland ist und mindestens 21 Jahre alt ist.,A,Allgemein (alle Bundesländer)
109,Wie oft gibt es normalerweise Bundestagswahlen in Deutschland?,alle vier Jahre,alle drei Jahre,alle fünf Jahre,alle sechs Jahre,A,Allgemein (alle Bundesländer)
110,Für wie viele Jahre wird der Bundestag in Deutschland gewählt? (2),4 Jahre,2 Jahre,3 Jahre,5 Jahre,A,Allgemein (alle Bundesländer)
111,Welche Handlung mit Bezug auf den Staat Israel ist in Deutschland verboten?,Der öffentliche Aufruf zur Vernichtung Israels.,Die Politik Israels öffentlich kritisieren.,Das Aufhängen einer israelischen Flagge auf dem Privatgrundstück.,Eine Diskussion über die Politik Israels.,A,Allgemein (alle Bundesländer)
112,Die Wahlen in Deutschland sind...,geheim.,speziell.,berufsbezogen.,geschlechtsabhängig.,A,Allgemein (alle Bundesländer)
113,Wahlen in Deutschland gewinnt die Partei die...,die meisten Stimmen bekommt.,die meisten Männer mehrheitlich gewählt haben.,die meisten Stimmen bei den Arbeitern bekommen hat.,die meisten Erststimmen für ihren Kanzlerkandidaten erhalten hat.,A,Allgemein (alle Bundesländer)
114,An demokratischen Wahlen in Deutschland teilzunehmen ist...,ein Recht.,eine Pflicht.,ein Zwang.,eine Last.,A,Allgemein (alle Bundesländer)
115,Was bedeutet aktives Wahlrecht in Deutschland?,Man kann wählen.,Man kann gewählt werden.,Man muss wählen gehen.,Man muss zur Auszählung der Stimmen gehen.,A,Allgemein (alle Bundesländer)
116,Wenn Sie bei einer Bundestagswahl in Deutschland wählen dürfen heißt das...,aktives Wahlrecht.,aktive Wahlkampagne.,aktives Wahlverfahren.,aktiver Wahlkampf.,A,Allgemein (alle Bundesländer)
117,Wie viel Prozent der Zweitstimmen müssen Parteien mindestens bekommen um in den Deutschen Bundestag gewählt zu werden?,5 %,3 %,4 %,6 %,A,Allgemein (alle Bundesländer)
118,Wer darf bei den rund 40 jüdischen Makkabi-Sportvereinen Mitglied werden?,alle Menschen,nur Deutsche,nur Israelis,nur religiöse Menschen,A,Allgemein (alle Bundesländer)
119,Wahlen in Deutschland sind frei. Was bedeutet das? (2),Jede Person kann ohne Zwang entscheiden ob und wen sie wählen möchte.,Alle verurteilten Straftäter dürfen nicht wählen.,Wenn ich wählen gehen möchte muss mein Arbeitgeber mir frei geben.,Ich kann frei entscheiden wo ich wählen gehen möchte.,A,Allgemein (alle Bundesländer)
120,Das Wahlsystem in Deutschland ist ein...,Mehrheits- und Verhältniswahlrecht.,Zensuswahlrecht.,Dreiklassenwahlrecht.,allgemeines Männerwahlrecht.,A,Allgemein (alle Bundesländer)
121,Eine Partei möchte in den Deutschen Bundestag. Sie muss einen Mindestanteil an Wählerstimmen haben. Das heißt...,5 %-Hürde.,Zulassungsgrenze.,Basiswert.,Richtlinie.,A,Allgemein (alle Bundesländer)
122,Welchem Grundsatz unterliegen Wahlen in Deutschland?,"frei, gleich, geheim.","offen, sicher, frei.","geschlossen, gleich, sicher.","sicher, offen, freiwillig.",A,Allgemein (alle Bundesländer)
123,Was ist in Deutschland die 5 %-Hürde?,Mindestanteil an Wählerstimmen um ins Parlament zu kommen,Abstimmungsregelung im Bundestag für kleine Parteien,Anwesenheitskontrolle im Bundestag für Abstimmungen,Anwesenheitskontrolle im Bundesrat für Abstimmungen,A,Allgemein (alle Bundesländer)
124,Die Bundestagswahl in Deutschland ist die Wahl...,des Parlaments für Deutschland.,des Bundeskanzlers / der Bundeskanzlerin.,der Parlamente der Länder.,des Bundespräsidenten / der Bundespräsidentin.,A,Allgemein (alle Bundesländer)
125,In einer Demokratie ist eine Funktion von regelmäßigen Wahlen...,nach dem Willen der Wählermehrheit den Wechsel der Regierung zu ermöglichen.,die Bürger zu zwingen ihre Stimme abzugeben.,im Land bestehende Gesetze beizubehalten.,den Armen mehr Macht zu geben.,A,Allgemein (alle Bundesländer)
126,Was bekommen wahlberechtigte Bürger in Deutschland vor einer Wahl?,eine Wahlbenachrichtigung von der Gemeinde,eine Wahlerlaubnis vom Bundespräsidenten,eine Benachrichtigung von der Bundesversammlung,eine Benachrichtigung vom Pfarramt,A,Allgemein (alle Bundesländer)
127,Warum gibt es die 5 %-Hürde im Wahlgesetz der Bundesrepublik Deutschland?,weil viele kleine Parteien die Regierungsbildung erschweren.,weil die Programme von vielen kleinen Parteien viele Gemeinsamkeiten haben.,weil die Bürger bei vielen kleinen Parteien die Orientierung verlieren können.,weil die kleinen Parteien nicht so viel Geld haben.,A,Allgemein (alle Bundesländer)
128,Parlamentsmitglieder die von den Bürgern gewählt werden nennt man...,Abgeordnete.,Kanzler / Kanzlerinnen.,Botschafter / Botschafterinnen.,Ministerpräsidenten / Ministerpräsidentinnen.,A,Allgemein (alle Bundesländer)
129,Vom Volk gewählt wird in Deutschland...,der Bundestag.,der Bundeskanzler / die Bundeskanzlerin.,der Ministerpräsident eines Bundeslandes.,der Bundespräsident / die Bundespräsidentin.,A,Allgemein (alle Bundesländer)
130,Welcher Stimmzettel wäre bei einer Bundestagswahl gültig? (Bildaufgabe),Antwort 1 (gültiger Stimmzettel),Antwort 2,Antwort 3,Antwort 4,A,Allgemein (alle Bundesländer)
131,In Deutschland ist ein Bürgermeister / eine Bürgermeisterin...,das Oberhaupt einer Gemeinde.,der Leiter einer Schule.,der Chef einer Bank.,der Vorsitzende einer Partei.,A,Allgemein (alle Bundesländer)
132,Viele Menschen in Deutschland arbeiten in ihrer Freizeit ehrenamtlich. Was bedeutet das?,Sie arbeiten freiwillig und unbezahlt in Vereinen und Verbänden.,Sie arbeiten als Soldaten.,Sie arbeiten in der Bundesregierung.,Sie arbeiten in einem Krankenhaus und verdienen dabei Geld.,A,Allgemein (alle Bundesländer)
133,Was ist bei Bundestags- und Landtagswahlen in Deutschland erlaubt?,Man kann durch Briefwahl seine Stimme abgeben.,Der Ehemann wählt für seine Frau mit.,Man kann am Wahltag telefonisch seine Stimme abgeben.,Kinder ab dem Alter von 14 Jahren dürfen wählen.,A,Allgemein (alle Bundesländer)
134,Man will die Buslinie abschaffen mit der Sie immer zur Arbeit fahren. Was können Sie machen um die Buslinie zu erhalten?,Ich beteilige mich an einer Bürgerinitiative für die Erhaltung der Buslinie.,Ich werde Mitglied in einem Sportverein und trainiere Radfahren.,Ich wende mich an das Finanzamt.,Ich schreibe einen Brief an das Forstamt der Gemeinde.,A,Allgemein (alle Bundesländer)
135,Wen vertreten die Gewerkschaften in Deutschland?,Arbeitnehmer und Arbeitnehmerinnen,große Unternehmen,kleine Unternehmen,Selbständige,A,Allgemein (alle Bundesländer)
136,Sie gehen in Deutschland zum Arbeitsgericht bei...,ungerechtfertigter Kündigung durch Ihren Chef.,falscher Nebenkostenabrechnung.,Problemen mit den Nachbarn.,Schwierigkeiten nach einem Verkehrsunfall.,A,Allgemein (alle Bundesländer)
137,Welches Gericht ist in Deutschland bei Konflikten in der Arbeitswelt zuständig?,das Arbeitsgericht,das Familiengericht,das Strafgericht,das Amtsgericht,A,Allgemein (alle Bundesländer)
138,Was kann ich in Deutschland machen wenn mir mein Arbeitgeber zu Unrecht gekündigt hat?,Kündigungsschutzklage erheben,weiter arbeiten und freundlich zum Chef sein,ein Mahnverfahren gegen den Arbeitgeber führen,den Arbeitgeber bei der Polizei anzeigen,A,Allgemein (alle Bundesländer)
139,Wann kommt es in Deutschland zu einem Prozess vor Gericht? Wenn jemand...,eine Straftat begangen hat und angeklagt wird.,zu einer anderen Religion übertritt.,eine andere Meinung als die der Regierung vertritt.,sein Auto falsch geparkt hat und es abgeschleppt wird.,A,Allgemein (alle Bundesländer)
140,Was macht ein Schöffe in Deutschland?,entscheidet mit Richtern über Schuld und Strafe.,gibt Bürgern rechtlichen Rat.,stellt Urkunden aus.,verteidigt den Angeklagten.,A,Allgemein (alle Bundesländer)
141,Wer berät in Deutschland Personen bei Rechtsfragen und vertritt sie vor Gericht?,ein Rechtsanwalt / eine Rechtsanwältin,ein Richter / eine Richterin,ein Schöffe / eine Schöffin,ein Staatsanwalt / eine Staatsanwältin,A,Allgemein (alle Bundesländer)
142,Was ist die Hauptaufgabe eines Richters in Deutschland?,arbeitet an einem Gericht und spricht Urteile.,vertritt Bürger vor einem Gericht.,ändert Gesetze.,betreut Jugendliche vor Gericht.,A,Allgemein (alle Bundesländer)
143,Ein Richter in Deutschland gehört zur...,Judikative.,Exekutive.,Operative.,Legislative.,A,Allgemein (alle Bundesländer)
144,Ein Richter gehört in Deutschland zur... (2),rechtsprechenden Gewalt.,vollziehenden Gewalt.,planenden Gewalt.,gesetzgebenden Gewalt.,A,Allgemein (alle Bundesländer)
145,Für welche Staatsgewalt arbeitet ein Richter in Deutschland?,Judikative.,Exekutive.,Presse.,Legislative.,A,Allgemein (alle Bundesländer)
146,Wie nennt man in Deutschland ein Verfahren vor einem Gericht?,Prozess,Programm,Prozedur,Protokoll,A,Allgemein (alle Bundesländer)
147,Was ist die Arbeit eines Richters in Deutschland?,Recht sprechen,Deutschland regieren,Pläne erstellen,Gesetze erlassen,A,Allgemein (alle Bundesländer)
148,Was ist eine Aufgabe der Polizei in Deutschland?,die Einhaltung von Gesetzen zu überwachen,das Land zu verteidigen,die Bürgerinnen und Bürger abzuhören,die Gesetze zu beschließen,A,Allgemein (alle Bundesländer)
149,Was ist ein Beispiel für antisemitisches Verhalten?,den Holocaust leugnen,ein jüdisches Fest besuchen,die israelische Regierung kritisieren,gegen Juden Fußball spielen,A,Allgemein (alle Bundesländer)
150,Ein Gerichtsschöffe in Deutschland ist...,ein ehrenamtlicher Richter / eine ehrenamtliche Richterin.,der Stellvertreter des Stadtoberhaupts.,ein Mitglied eines Gemeinderats.,eine Person die Jura studiert hat.,A,Allgemein (alle Bundesländer)
151,Wer baute die Mauer in Berlin?,die DDR,Großbritannien,die Bundesrepublik Deutschland,die USA,A,Allgemein (alle Bundesländer)
152,Wann waren die Nationalsozialisten mit Adolf Hitler in Deutschland an der Macht?,1933 bis 1945,1918 bis 1923,1932 bis 1950,1945 bis 1989,A,Allgemein (alle Bundesländer)
153,Was war am 8. Mai 1945?,Ende des Zweiten Weltkriegs in Europa,Tod Adolf Hitlers,Beginn des Berliner Mauerbaus,Wahl von Konrad Adenauer zum Bundeskanzler,A,Allgemein (alle Bundesländer)
154,Wann war der Zweite Weltkrieg zu Ende?,1945,1933,1949,1961,A,Allgemein (alle Bundesländer)
155,Wann waren die Nationalsozialisten in Deutschland an der Macht? (2),1933 bis 1945,1888 bis 1918,1921 bis 1934,1949 bis 1963,A,Allgemein (alle Bundesländer)
156,In welchem Jahr wurde Hitler Reichskanzler?,1933,1923,1927,1936,A,Allgemein (alle Bundesländer)
157,Die Nationalsozialisten mit Adolf Hitler errichteten 1933 in Deutschland...,eine Diktatur.,einen demokratischen Staat.,eine Monarchie.,ein Fürstentum.,A,Allgemein (alle Bundesländer)
158,Das Dritte Reich war eine...,Diktatur.,Demokratie.,Monarchie.,Räterepublik.,A,Allgemein (alle Bundesländer)
159,Was gab es in Deutschland nicht während der Zeit des Nationalsozialismus?,freie Wahlen,Pressezensur,willkürliche Verhaftungen,Verfolgung der Juden,A,Allgemein (alle Bundesländer)
160,Welcher Krieg dauerte von 1939 bis 1945?,der Zweite Weltkrieg,der Erste Weltkrieg,der Vietnamkrieg,der Golfkrieg,A,Allgemein (alle Bundesländer)
161,Was kennzeichnete den NS-Staat?,Eine Politik des staatlichen Rassismus,Eine Politik der Meinungsfreiheit,Eine Politik der allgemeinen Religionsfreiheit,Eine Politik der Entwicklung der Demokratie,A,Allgemein (alle Bundesländer)
162,Claus Schenk Graf von Stauffenberg wurde bekannt durch...,das Attentat auf Hitler am 20. Juli 1944.,eine Goldmedaille bei den Olympischen Spielen 1936.,den Bau des Reichstagsgebäudes.,den Aufbau der Wehrmacht.,A,Allgemein (alle Bundesländer)
163,In welchem Jahr zerstörten die Nationalsozialisten Synagogen und jüdische Geschäfte in Deutschland?,1938,1925,1930,1945,A,Allgemein (alle Bundesländer)
164,Was passierte am 9. November 1938 in Deutschland?,Jüdische Geschäfte und Synagogen wurden durch Nationalsozialisten zerstört.,Mit dem Angriff auf Polen begann der Zweite Weltkrieg.,Die Nationalsozialisten verloren eine Wahl und lösten den Reichstag auf.,Hitler wurde Reichspräsident und ließ alle Parteien verbieten.,A,Allgemein (alle Bundesländer)
165,Wie hieß der erste Bundeskanzler der Bundesrepublik Deutschland?,Konrad Adenauer,Kurt Georg Kiesinger,Helmut Schmidt,Willy Brandt,A,Allgemein (alle Bundesländer)
166,Bei welchen Demonstrationen in Deutschland riefen die Menschen Wir sind das Volk?,bei den Montagsdemonstrationen 1989 in der DDR,beim Arbeiteraufstand 1953 in der DDR,bei den Demonstrationen 1968 in der Bundesrepublik Deutschland,bei den Anti-Atomkraft-Demonstrationen 1985,A,Allgemein (alle Bundesländer)
167,Welche Länder wurden nach dem Zweiten Weltkrieg als Alliierte Besatzungsmächte in Deutschland bezeichnet?,"USA, Sowjetunion, Großbritannien, Frankreich","Sowjetunion, Großbritannien, Polen, Schweden","Frankreich, Sowjetunion, Italien, Japan","USA, Sowjetunion, Spanien, Portugal",A,Allgemein (alle Bundesländer)
168,Welches Land war keine Alliierte Besatzungsmacht in Deutschland?,Japan,USA,Sowjetunion,Frankreich,A,Allgemein (alle Bundesländer)
169,Wann wurde die Bundesrepublik Deutschland gegründet?,1949,1939,1945,1951,A,Allgemein (alle Bundesländer)
170,Was gab es während der Zeit des Nationalsozialismus in Deutschland?,das Verbot von Parteien,das Recht zur freien Entfaltung der Persönlichkeit,Pressefreiheit,den Schutz der Menschenwürde,A,Allgemein (alle Bundesländer)
171,Soziale Marktwirtschaft bedeutet die Wirtschaft...,richtet sich nach Angebot und Nachfrage aber der Staat sorgt für einen sozialen Ausgleich.,steuert sich allein nach Angebot und Nachfrage.,wird vom Staat geplant und gesteuert.,richtet sich nach der Nachfrage im Ausland.,A,Allgemein (alle Bundesländer)
172,In welcher Besatzungszone wurde die DDR gegründet?,sowjetischen Besatzungszone.,amerikanischen Besatzungszone.,französischen Besatzungszone.,britischen Besatzungszone.,A,Allgemein (alle Bundesländer)
173,Die Bundesrepublik Deutschland ist ein Gründungsmitglied...,des Nordatlantikpakts (NATO).,der Vereinten Nationen (VN).,der Europäischen Union (EU).,des Warschauer Pakts.,A,Allgemein (alle Bundesländer)
174,Wann wurde die DDR gegründet?,1949,1947,1953,1956,A,Allgemein (alle Bundesländer)
175,Wie viele Besatzungszonen gab es in Deutschland nach dem Zweiten Weltkrieg?,4,3,5,6,A,Allgemein (alle Bundesländer)
176,Wie waren die Besatzungszonen Deutschlands nach 1945 verteilt? (Bildaufgabe),"1=Großbritannien, 2=Sowjetunion, 3=USA, 4=Frankreich","1=Großbritannien, 2=Sowjetunion, 3=Frankreich, 4=USA","1=Sowjetunion, 2=Großbritannien, 3=USA, 4=Frankreich","1=Großbritannien, 2=USA, 3=Sowjetunion, 4=Frankreich",A,Allgemein (alle Bundesländer)
177,Welche deutsche Stadt wurde nach dem Zweiten Weltkrieg in vier Sektoren aufgeteilt?,Berlin,München,Dresden,Frankfurt/Oder,A,Allgemein (alle Bundesländer)
178,Vom Juni 1948 bis zum Mai 1949 wurden die Bürger von West-Berlin durch eine Luftbrücke versorgt. Welcher Umstand war dafür verantwortlich?,Die Sowjetunion unterbrach den gesamten Verkehr auf dem Landwege.,Für Frankreich war eine Versorgung mit dem Flugzeug kostengünstiger.,Die amerikanischen Soldaten hatten beim Landtransport Angst vor Überfällen.,Für Großbritannien war die Versorgung über die Luftbrücke schneller.,A,Allgemein (alle Bundesländer)
179,Wie endete der Zweite Weltkrieg in Europa offiziell?,durch die bedingungslose Kapitulation Deutschlands,mit dem Tod Adolf Hitlers,mit dem Rückzug der Deutschen aus den besetzten Gebieten,durch eine Revolution in Deutschland,A,Allgemein (alle Bundesländer)
180,Der erste Bundeskanzler der Bundesrepublik Deutschland war...,Konrad Adenauer.,Ludwig Erhard.,Willy Brandt.,Gerhard Schröder.,A,Allgemein (alle Bundesländer)
181,Was wollte Willy Brandt mit seinem Kniefall 1970 in Warschau ausdrücken?,Er bat Polen und die polnischen Juden um Vergebung.,Er hat sich den ehemaligen Alliierten unterworfen.,Er zeigte seine Demut vor dem Warschauer Pakt.,Er sprach ein Gebet am Grab des Unbekannten Soldaten.,A,Allgemein (alle Bundesländer)
182,Wie heißt das jüdische Gebetshaus?,Synagoge,Basilika,Moschee,Kirche,A,Allgemein (alle Bundesländer)
183,Wann war in der Bundesrepublik Deutschland das Wirtschaftswunder?,50er Jahre,40er Jahre,70er Jahre,80er Jahre,A,Allgemein (alle Bundesländer)
184,Auf welcher rechtlichen Grundlage wurde der Staat Israel gegründet?,eine Resolution der Vereinten Nationen,ein Beschluss des Zionistenkongresses,ein Vorschlag der Bundesregierung,ein Vorschlag der UdSSR,A,Allgemein (alle Bundesländer)
185,Wofür stand der Ausdruck Eiserner Vorhang?,Für die Abschottung des Warschauer Pakts gegen den Westen.,Für die Abschottung Norddeutschlands gegen Süddeutschland.,Für die Abschottung Nazi-Deutschlands gegen die Alliierten.,Für die Abschottung Europas gegen die USA.,A,Allgemein (alle Bundesländer)
186,Im Jahr 1953 gab es in der DDR einen Aufstand. An welchem Datum war der Feiertag der daran erinnerte?,17. Juni,1. Mai,20. Juli,9. November,A,Allgemein (alle Bundesländer)
187,Welcher deutsche Staat hatte eine schwarz-rot-goldene Flagge mit Hammer Zirkel und Ährenkranz? (Bildaufgabe),DDR,Preußen,Bundesrepublik Deutschland,Drittes Reich,A,Allgemein (alle Bundesländer)
188,In welchem Jahr wurde die Mauer in Berlin gebaut?,1961,1953,1956,1959,A,Allgemein (alle Bundesländer)
189,Wann baute die DDR die Mauer in Berlin?,1961,1919,1933,1990,A,Allgemein (alle Bundesländer)
190,Was bedeutet die Abkürzung DDR?,Deutsche Demokratische Republik,Dritter Deutscher Rundfunk,Die Deutsche Republik,Dritte Deutsche Republik,A,Allgemein (alle Bundesländer)
191,Wann wurde die Mauer in Berlin für alle geöffnet?,1989,1987,1992,1995,A,Allgemein (alle Bundesländer)
192,Welches heutige deutsche Bundesland gehörte früher zum Gebiet der DDR? (Brandenburg),Brandenburg,Bayern,Saarland,Hessen,A,Allgemein (alle Bundesländer)
193,Von 1961 bis 1989 war Berlin...,durch eine Mauer geteilt.,ohne Bürgermeister.,ein eigener Staat.,nur mit dem Flugzeug erreichbar.,A,Allgemein (alle Bundesländer)
194,Am 3. Oktober feiert man in Deutschland den Tag der Deutschen...,Einheit.,Nation.,Bundesländer.,Städte.,A,Allgemein (alle Bundesländer)
195,Welches heutige deutsche Bundesland gehörte früher zum Gebiet der DDR? (Sachsen-Anhalt),Sachsen-Anhalt,Hessen,Nordrhein-Westfalen,Saarland,A,Allgemein (alle Bundesländer)
196,Warum nennt man die Zeit im Herbst 1989 in der DDR Die Wende?,In dieser Zeit veränderte sich die DDR von einer Diktatur zur Demokratie.,von einer liberalen Marktwirtschaft zum Sozialismus.,von einer Monarchie zur Sozialdemokratie.,von einem religiösen Staat zu einem kommunistischen Staat.,A,Allgemein (alle Bundesländer)
197,Welches heutige deutsche Bundesland gehörte früher zum Gebiet der DDR? (Thüringen),Thüringen,Hessen,Bayern,Bremen,A,Allgemein (alle Bundesländer)
198,Welches heutige deutsche Bundesland gehörte früher zum Gebiet der DDR? (Sachsen),Sachsen,Bayern,Niedersachsen,Baden-Württemberg,A,Allgemein (alle Bundesländer)
199,Mit der Abkürzung Stasi meinte man in der DDR...,das Ministerium für Staatssicherheit.,das Parlament.,eine regierende Partei.,das Ministerium für Volksbildung.,A,Allgemein (alle Bundesländer)
200,Welches heutige deutsche Bundesland gehörte früher zum Gebiet der DDR? (Mecklenburg-Vorpommern),Mecklenburg-Vorpommern,Hessen,Schleswig-Holstein,Saarland,A,Allgemein (alle Bundesländer)
201,Welche Auflistung enthält nur Bundesländer die zum Gebiet der früheren DDR gehörten?,"Mecklenburg-Vorpommern, Brandenburg, Sachsen, Sachsen-Anhalt, Thüringen","Niedersachsen, Nordrhein-Westfalen, Hessen, Schleswig-Holstein, Brandenburg","Bayern, Baden-Württemberg, Rheinland-Pfalz, Thüringen, Sachsen","Sachsen, Thüringen, Hessen, Niedersachsen, Brandenburg",A,Allgemein (alle Bundesländer)
202,Zu wem gehörte die DDR im Kalten Krieg?,zum Warschauer Pakt,zu den Westmächten,zur NATO,zu den blockfreien Staaten,A,Allgemein (alle Bundesländer)
203,Wie hieß das Wirtschaftssystem der DDR?,Planwirtschaft,Marktwirtschaft,Angebot und Nachfrage,Kapitalismus,A,Allgemein (alle Bundesländer)
204,Wie wurden die Bundesrepublik Deutschland und die DDR zu einem Staat?,Die heutigen fünf östlichen Bundesländer sind der Bundesrepublik Deutschland beigetreten.,Die Bundesrepublik Deutschland hat die DDR besetzt.,Die westlichen Bundesländer sind der DDR beigetreten.,Die DDR hat die Bundesrepublik Deutschland besetzt.,A,Allgemein (alle Bundesländer)
205,Mit dem Beitritt der DDR zur Bundesrepublik Deutschland gehören die neuen Bundesländer nun auch...,zur Europäischen Union.,zum Warschauer Pakt.,zur OPEC.,zur Europäischen Verteidigungsgemeinschaft.,A,Allgemein (alle Bundesländer)
206,Woran erinnern die sogenannten Stolpersteine in Deutschland?,an die Opfer des Nationalsozialismus,an berühmte deutsche Politiker,an Verkehrstote,an bekannte jüdische Musiker,A,Allgemein (alle Bundesländer)
207,In welchem Militärbündnis war die DDR Mitglied?,im Warschauer Pakt,in der NATO,im Rheinbund,im Europabündnis,A,Allgemein (alle Bundesländer)
208,Was war die Stasi?,der Geheimdienst der DDR,der Geheimdienst im Dritten Reich,eine berühmte deutsche Gedenkstätte,ein deutscher Sportverein während des Zweiten Weltkrieges,A,Allgemein (alle Bundesländer)
209,Welches war das Wappen der Deutschen Demokratischen Republik? (Bildaufgabe),Antwort 1 (Wappen DDR),Antwort 2,Antwort 3,Antwort 4,A,Allgemein (alle Bundesländer)
210,Was ereignete sich am 17. Juni 1953 in der DDR?,landesweite Streiks und ein Volksaufstand,der feierliche Beitritt zum Warschauer Pakt,der 1. SED-Parteitag,der erste Besuch Fidel Castros,A,Allgemein (alle Bundesländer)
211,Welcher Politiker steht für die Ostverträge?,Willy Brandt,Helmut Kohl,Michail Gorbatschow,Ludwig Erhard,A,Allgemein (alle Bundesländer)
212,Wie heißt Deutschland mit vollem Namen?,Bundesrepublik Deutschland,Bundesstaat Deutschland,Bundesländer Deutschland,Bundesbezirk Deutschland,A,Allgemein (alle Bundesländer)
213,Wie viele Einwohner hat Deutschland?,80 Millionen,70 Millionen,78 Millionen,90 Millionen,A,Allgemein (alle Bundesländer)
214,Welche Farben hat die deutsche Flagge?,schwarz-rot-gold,rot-weiß-schwarz,schwarz-rot-grün,schwarz-gelb-rot,A,Allgemein (alle Bundesländer)
215,Wer wird als Kanzler der Deutschen Einheit bezeichnet?,Helmut Kohl,Gerhard Schröder,Konrad Adenauer,Helmut Schmidt,A,Allgemein (alle Bundesländer)
216,Welches Symbol ist im Plenarsaal des Deutschen Bundestages zu sehen? (Bildaufgabe),der Bundesadler,die Fahne der Stadt Berlin,der Reichsadler,die Reichskrone,A,Allgemein (alle Bundesländer)
217,In welchem Zeitraum gab es die Deutsche Demokratische Republik (DDR)?,1949 bis 1990,1919 bis 1927,1933 bis 1945,1945 bis 1961,A,Allgemein (alle Bundesländer)
218,Wie viele Bundesländer kamen bei der Wiedervereinigung 1990 zur Bundesrepublik Deutschland hinzu?,5,4,6,7,A,Allgemein (alle Bundesländer)
219,Die Bundesrepublik Deutschland hat die Grenzen von heute seit...,1990.,1933.,1949.,1971.,A,Allgemein (alle Bundesländer)
220,Der 27. Januar ist in Deutschland ein offizieller Gedenktag. Woran erinnert dieser Tag?,an die Opfer des Nationalsozialismus (Befreiung des Vernichtungslagers Auschwitz),an das Ende des Zweiten Weltkrieges,an die Verabschiedung des Grundgesetzes,an die Wiedervereinigung Deutschlands,A,Allgemein (alle Bundesländer)
221,Deutschland ist Mitglied des Schengener Abkommens. Was bedeutet das?,Deutsche können in viele Länder Europas ohne Passkontrolle reisen.,Alle Menschen können ohne Personenkontrolle in Deutschland einreisen.,Deutsche können ohne Passkontrolle in jedes Land reisen.,Deutsche können in jedem Land mit dem Euro bezahlen.,A,Allgemein (alle Bundesländer)
222,Welches Land ist ein Nachbarland von Deutschland? (Schweiz),Schweiz,Ungarn,Portugal,Spanien,A,Allgemein (alle Bundesländer)
223,Welches Land ist ein Nachbarland von Deutschland? (Polen),Polen,Rumänien,Bulgarien,Griechenland,A,Allgemein (alle Bundesländer)
224,Was bedeutet die Abkürzung EU?,Europäische Union,Europäische Unternehmen,Einheitliche Union,Euro Union,A,Allgemein (alle Bundesländer)
225,In welchem anderen Land gibt es eine große deutschsprachige Bevölkerung?,Österreich,Tschechien,Norwegen,Spanien,A,Allgemein (alle Bundesländer)
226,Welches ist die Flagge der Europäischen Union? (Bildaufgabe),Antwort 2 (EU-Flagge),Antwort 1,Antwort 4,Antwort 3,A,Allgemein (alle Bundesländer)
227,Welches Land ist ein Nachbarland von Deutschland? (Dänemark),Dänemark,Finnland,Norwegen,Schweden,A,Allgemein (alle Bundesländer)
228,Wie wird der Beitritt der DDR zur Bundesrepublik Deutschland im Jahr 1990 allgemein genannt?,Deutsche Wiedervereinigung,NATO-Osterweiterung,EU-Osterweiterung,Europäische Gemeinschaft,A,Allgemein (alle Bundesländer)
229,Welches Land ist ein Nachbarland von Deutschland? (Luxemburg),Luxemburg,Spanien,Bulgarien,Norwegen,A,Allgemein (alle Bundesländer)
230,Das Europäische Parlament wird regelmäßig gewählt nämlich alle...,5 Jahre.,6 Jahre.,7 Jahre.,8 Jahre.,A,Allgemein (alle Bundesländer)
231,Was bedeutet der Begriff europäische Integration?,Der Begriff meint den Zusammenschluss europäischer Staaten zur EU.,Damit sind amerikanische Einwanderer in Europa gemeint.,Der Begriff meint den Einwanderungsstopp nach Europa.,Damit sind europäische Auswanderer in den USA gemeint.,A,Allgemein (alle Bundesländer)
232,Wer wird bei der Europawahl gewählt?,die Abgeordneten des Europäischen Parlaments,die Europäische Kommission,die Länder die in die EU eintreten dürfen,die europäische Verfassung,A,Allgemein (alle Bundesländer)
233,Welches Land ist ein Nachbarland von Deutschland? (Tschechien),Tschechien,Bulgarien,Griechenland,Portugal,A,Allgemein (alle Bundesländer)
234,Wo ist der Sitz des Europäischen Parlaments?,Straßburg,London,Paris,Berlin,A,Allgemein (alle Bundesländer)
235,Welches Ziel der Europäischen Union wird beim Treffen von Mitterrand und Kohl in Verdun deutlich?,Frieden und Sicherheit in den Ländern der EU,Freundschaft zwischen England und Deutschland,Reisefreiheit in alle Länder der EU,einheitliche Feiertage in den Ländern der EU,A,Allgemein (alle Bundesländer)
236,Wie viele Mitgliedstaaten hat die EU heute?,27,21,23,25,A,Allgemein (alle Bundesländer)
237,2007 wurde das 50-jährige Jubiläum der Römischen Verträge gefeiert. Was war der Inhalt der Verträge?,Gründung der Europäischen Wirtschaftsgemeinschaft (EWG),Beitritt Deutschlands zur NATO,Verpflichtung Deutschlands zu Reparationsleistungen,Festlegung der Oder-Neiße-Linie als Ostgrenze,A,Allgemein (alle Bundesländer)
238,An welchen Orten arbeitet das Europäische Parlament?,"Straßburg, Luxemburg und Brüssel","Paris, London und Den Haag","Rom, Bern und Wien","Bonn, Zürich und Mailand",A,Allgemein (alle Bundesländer)
239,Durch welche Verträge schloss sich die Bundesrepublik Deutschland zur Europäischen Wirtschaftsgemeinschaft zusammen?,durch die Römischen Verträge,durch die Hamburger Verträge,durch die Pariser Verträge,durch die Londoner Verträge,A,Allgemein (alle Bundesländer)
240,Seit wann bezahlt man in Deutschland mit dem Euro in bar?,2002,1995,1998,2005,A,Allgemein (alle Bundesländer)
241,Frau Seger bekommt ein Kind. Was muss sie tun um Elterngeld zu erhalten?,Sie muss einen Antrag bei der Elterngeldstelle stellen.,Sie muss an ihre Krankenkasse schreiben.,Sie muss nichts tun denn sie bekommt automatisch Elterngeld.,Sie muss das Arbeitsamt um Erlaubnis bitten.,A,Allgemein (alle Bundesländer)
242,Wer entscheidet ob ein Kind in Deutschland in den Kindergarten geht?,die Eltern / die Erziehungsberechtigten,der Staat,die Bundesländer,die Schulen,A,Allgemein (alle Bundesländer)
243,Maik und Sybille wollen eine Demonstration auf der Straße abhalten. Was müssen sie vorher tun?,Sie müssen die Demonstration anmelden.,Sie müssen nichts tun.,Demonstrationen sind in Deutschland grundsätzlich verboten.,Sie müssen einen neuen Verein gründen.,A,Allgemein (alle Bundesländer)
244,Welchen Schulabschluss braucht man normalerweise um an einer Universität in Deutschland ein Studium zu beginnen?,das Abitur,ein Diplom,die Prokura,eine Gesellenprüfung,A,Allgemein (alle Bundesländer)
245,Wer darf in Deutschland nicht als Paar zusammenleben?,Anne (13 Jahre) und Tim (25 Jahre),Hans (20 Jahre) und Marie (19 Jahre),Tom (20 Jahre) und Klaus (45 Jahre),Sofie (35 Jahre) und Lisa (40 Jahre),A,Allgemein (alle Bundesländer)
246,Ab welchem Alter ist man in Deutschland volljährig?,18,16,19,21,A,Allgemein (alle Bundesländer)
247,Eine Frau ist schwanger. Wie heißt der gesetzliche Schutz kurz vor und nach der Geburt ihres Kindes?,Mutterschutz,Elternzeit,Geburtsvorbereitung,Wochenbett,A,Allgemein (alle Bundesländer)
248,Die Erziehung der Kinder ist in Deutschland vor allem Aufgabe...,der Eltern.,des Staates.,der Großeltern.,der Schulen.,A,Allgemein (alle Bundesländer)
249,Wer ist in Deutschland hauptsächlich verantwortlich für die Kindererziehung?,die Eltern,der Staat,die Verwandten,die Schulen,A,Allgemein (alle Bundesländer)
250,In Deutschland hat man die besten Chancen auf einen gut bezahlten Arbeitsplatz wenn man...,gut ausgebildet ist.,katholisch ist.,eine Frau ist.,Mitglied einer Partei ist.,A,Allgemein (alle Bundesländer)
251,Wenn man in Deutschland ein Kind schlägt...,kann man dafür bestraft werden.,geht das niemanden etwas an.,geht das nur die Familie etwas an.,kann man dafür nicht bestraft werden.,A,Allgemein (alle Bundesländer)
252,In Deutschland...,darf man zur gleichen Zeit nur mit einem Partner verheiratet sein.,kann man mehrere Ehepartner gleichzeitig haben.,darf man nicht wieder heiraten wenn man einmal verheiratet war.,darf eine Frau nicht wieder heiraten wenn ihr Mann gestorben ist.,A,Allgemein (alle Bundesländer)
253,Wo müssen Sie sich anmelden wenn Sie in Deutschland umziehen?,beim Einwohnermeldeamt,beim Standesamt,beim Ordnungsamt,beim Gewerbeamt,A,Allgemein (alle Bundesländer)
254,Was bedeutet das Trennungsjahr bei einer Scheidung in Deutschland?,Mann und Frau führen mindestens ein Jahr getrennt ihr eigenes Leben. Danach ist die Scheidung möglich.,Der Scheidungsprozess dauert ein Jahr.,Mann und Frau sind ein Jahr verheiratet dann ist die Scheidung möglich.,Das Besuchsrecht für die Kinder gilt ein Jahr.,A,Allgemein (alle Bundesländer)
255,Bei Erziehungsproblemen können Eltern in Deutschland Hilfe erhalten vom...,Jugendamt.,Ordnungsamt.,Schulamt.,Gesundheitsamt.,A,Allgemein (alle Bundesländer)
256,Ein Ehepaar möchte in Deutschland ein Restaurant eröffnen. Was braucht es dazu unbedingt?,eine Gaststättenerlaubnis von der zuständigen Behörde,eine Erlaubnis der Polizei,eine Genehmigung einer Partei,eine Genehmigung des Einwohnermeldeamts,A,Allgemein (alle Bundesländer)
257,Eine erwachsene Frau möchte in Deutschland das Abitur nachholen. Das kann sie an...,einem Abendgymnasium.,einer Hochschule.,einer Hauptschule.,einer Privatuniversität.,A,Allgemein (alle Bundesländer)
258,Was darf das Jugendamt in Deutschland?,Es kann ein Kind das geschlagen wird oder hungern muss aus der Familie nehmen.,Es entscheidet welche Schule das Kind besucht.,Es bezahlt das Kindergeld an die Eltern.,Es kontrolliert ob das Kind einen Kindergarten besucht.,A,Allgemein (alle Bundesländer)
259,Das Berufsinformationszentrum BIZ hilft bei der...,Lehrstellensuche.,Rentenberechnung.,Steuererklärung.,Krankenversicherung.,A,Allgemein (alle Bundesländer)
260,In Deutschland hat ein Kind in der Schule...,Anwesenheitspflicht.,Recht auf unbegrenzte Freizeit.,Wahlfreiheit für alle Fächer.,Anspruch auf Schulgeld.,A,Allgemein (alle Bundesländer)
261,Ein Mann möchte mit 30 Jahren in Deutschland sein Abitur nachholen. Wo kann er das tun?,einem Abendgymnasium,einer Hochschule,einer Hauptschule,einer Privatuniversität,A,Allgemein (alle Bundesländer)
262,Was bedeutet in Deutschland der Grundsatz der Gleichbehandlung?,Niemand darf z.B. wegen einer Behinderung benachteiligt werden.,Man darf andere Personen benachteiligen wenn ausreichende persönliche Gründe vorliegen.,Niemand darf gegen Personen klagen wenn sie benachteiligt wurden.,Es ist für alle Gesetz benachteiligten Gruppen jährlich Geld zu spenden.,A,Allgemein (alle Bundesländer)
263,In Deutschland sind Jugendliche ab 14 Jahren strafmündig. Jugendliche die gegen Strafgesetze verstoßen...,werden bestraft.,werden wie Erwachsene behandelt.,teilen die Strafe mit ihren Eltern.,werden nicht bestraft.,A,Allgemein (alle Bundesländer)
264,Zu welchem Fest tragen Menschen in Deutschland bunte Kostüme und Masken?,am Rosenmontag,am Maifeiertag,beim Oktoberfest,an Pfingsten,A,Allgemein (alle Bundesländer)
265,Wohin muss man in Deutschland zuerst gehen wenn man heiraten möchte?,zum Standesamt,zum Einwohnermeldeamt,zum Ordnungsamt,zur Agentur für Arbeit,A,Allgemein (alle Bundesländer)
266,Wann beginnt die gesetzliche Nachtruhe in Deutschland?,um 22 Uhr,wenn die Sonne untergeht,wenn die Nachbarn schlafen gehen,um 0 Uhr Mitternacht,A,Allgemein (alle Bundesländer)
267,Eine junge Frau 22 Jahre alt lebt mit ihrem Freund zusammen. Die Eltern finden das nicht gut. Was können die Eltern tun?,Sie müssen die Entscheidung der volljährigen Tochter respektieren.,Sie haben das Recht die Tochter in die elterliche Wohnung zurückzuholen.,Sie können zur Polizei gehen und die Tochter anzeigen.,Sie suchen einen anderen Mann für die Tochter.,A,Allgemein (alle Bundesländer)
268,Eine junge Frau will den Führerschein machen. Ihre Muttersprache ist nicht Deutsch. Was ist richtig?,Sie kann die Theorie-Prüfung vielleicht in ihrer Muttersprache machen. Es gibt mehr als zehn Sprachen zur Auswahl.,Sie muss mindestens zehn Jahre in Deutschland leben bevor sie den Führerschein machen kann.,Wenn sie kein Deutsch kann darf sie keinen Führerschein haben.,Sie muss den Führerschein in dem Land machen in dem man ihre Sprache spricht.,A,Allgemein (alle Bundesländer)
269,In Deutschland haben Kinder ab dem Alter von drei Jahren bis zur Ersteinschulung einen Anspruch auf...,einen Kindergartenplatz.,monatliches Taschengeld.,einen Platz in einem Sportverein.,einen Ferienpass.,A,Allgemein (alle Bundesländer)
270,Die Volkshochschule in Deutschland ist eine Einrichtung...,zur Weiterbildung.,für den Religionsunterricht.,nur für Jugendliche.,nur für Rentner und Rentnerinnen.,A,Allgemein (alle Bundesländer)
271,Was ist in Deutschland ein Brauch zu Weihnachten?,einen Tannenbaum schmücken,bunte Eier verstecken,sich mit Masken und Kostümen verkleiden,Kürbisse vor die Tür stellen,A,Allgemein (alle Bundesländer)
272,Welche Lebensform ist in Deutschland nicht erlaubt?,Ein Mann ist mit zwei Frauen zur selben Zeit verheiratet.,Mann und Frau sind geschieden und leben mit neuen Partnern zusammen.,Zwei Frauen leben zusammen.,Ein alleinerziehender Vater lebt mit seinen zwei Kindern zusammen.,A,Allgemein (alle Bundesländer)
273,Bei Erziehungsproblemen gehen Sie in Deutschland... (2),zum Jugendamt.,zum Arzt.,zum Gesundheitsamt.,zum Einwohnermeldeamt.,A,Allgemein (alle Bundesländer)
274,Sie haben in Deutschland absichtlich einen Brief geöffnet der an eine andere Person adressiert ist. Was haben Sie nicht beachtet?,das Briefgeheimnis,das Schweigerecht,die Schweigepflicht,die Meinungsfreiheit,A,Allgemein (alle Bundesländer)
275,Was braucht man in Deutschland für eine Ehescheidung?,die Unterstützung eines Anwalts / einer Anwältin,die Einwilligung der Eltern,ein Attest eines Arztes,die Einwilligung der Kinder,A,Allgemein (alle Bundesländer)
276,Was sollten Sie tun wenn Sie von einem Ansprechpartner in einer deutschen Behörde schlecht behandelt werden?,Ich kann mich beim Behördenleiter beschweren.,Ich kann nichts tun.,Ich muss mir diese Behandlung gefallen lassen.,Ich drohe der Person.,A,Allgemein (alle Bundesländer)
277,Eine Frau mit einem zweijährigen Kind bekommt eine Stelle nicht. Was ist ein Beispiel für Diskriminierung?,Sie bekommt die Stelle nur deshalb nicht weil sie Mutter ist.,Sie bekommt die Stelle nicht weil sie kein Englisch spricht.,Sie bekommt die Stelle nicht weil sie zu hohe Gehaltsvorstellungen hat.,Sie bekommt die Stelle nicht weil sie keine Erfahrungen im Beruf hat.,A,Allgemein (alle Bundesländer)
278,Ein Mann im Rollstuhl bekommt eine Stelle als Buchhalter nicht. Was ist ein Beispiel für Diskriminierung?,Er bekommt die Stelle nur deshalb nicht weil er im Rollstuhl sitzt.,Er bekommt die Stelle nicht weil er keine Erfahrung hat.,Er bekommt die Stelle nicht weil er zu hohe Gehaltsvorstellungen hat.,Er bekommt die Stelle nicht weil er kein Englisch spricht.,A,Allgemein (alle Bundesländer)
279,Was steht in einer Hausordnung in einem deutschen Mietshaus?,Regeln an die sich alle Bewohner halten müssen.,Regeln für die Benutzung öffentlicher Verkehrsmittel.,alle Mieter im Haus.,die Adresse des nächsten Ordnungsamtes.,A,Allgemein (alle Bundesländer)
280,Wenn Sie sich in Deutschland gegen einen falschen Steuerbescheid wehren wollen müssen Sie...,Einspruch einlegen.,nichts machen.,den Bescheid wegwerfen.,warten bis ein anderer Bescheid kommt.,A,Allgemein (alle Bundesländer)
281,Zwei Freunde mit dunkler Hautfarbe werden deshalb nicht ins Schwimmbad gelassen. Welches Recht wird verletzt?,Gleichbehandlung,Meinungsfreiheit,Versammlungsfreiheit,Freizügigkeit,A,Allgemein (alle Bundesländer)
282,Welches Ehrenamt müssen deutsche Staatsbürger übernehmen wenn sie dazu aufgefordert werden?,Wahlhelfer / Wahlhelferin,Vereinstrainer / Vereinstrainerin,Bibliotheksaufsicht,Lehrer / Lehrerin,A,Allgemein (alle Bundesländer)
283,Was tun Sie wenn Sie eine falsche Rechnung von einer deutschen Behörde bekommen?,Ich lege Widerspruch bei der Behörde ein.,Ich lasse die Rechnung liegen.,Ich schicke die Rechnung an die Behörde zurück.,Ich gehe mit der Rechnung zum Finanzamt.,A,Allgemein (alle Bundesländer)
284,Was man für die Arbeit können muss ändert sich in der Zukunft sehr schnell. Was kann man tun?,Erwachsene müssen auch nach der Ausbildung immer weiter lernen.,Es ist egal was man lernt.,Kinder lernen in der Schule alles was im Beruf wichtig ist.,Alle müssen früher aufhören zu arbeiten weil sich alles ändert.,A,Allgemein (alle Bundesländer)
285,Frau Frost arbeitet als fest angestellte Mitarbeiterin. Was muss sie nicht von ihrem Gehalt bezahlen?,Umsatzsteuer,Lohnsteuer,Beiträge zur Arbeitslosenversicherung,Beiträge zur Renten- und Krankenversicherung,A,Allgemein (alle Bundesländer)
286,Welche Organisation in einer Firma hilft den Arbeitnehmern bei Problemen mit dem Arbeitgeber?,der Betriebsrat,der Betriebsprüfer,die Betriebsgruppe,das Betriebsmanagement,A,Allgemein (alle Bundesländer)
287,Sie möchten bei einer Firma in Deutschland Ihr Arbeitsverhältnis beenden. Was müssen Sie beachten?,die Kündigungsfrist,die Gehaltszahlungen,die Arbeitszeit,die Versicherungspflicht,A,Allgemein (alle Bundesländer)
288,Woraus begründet sich Deutschlands besondere Verantwortung für Israel?,aus den nationalsozialistischen Verbrechen gegen Juden,aus der Mitgliedschaft in der Europäischen Union (EU),aus dem Grundgesetz der Bundesrepublik Deutschland,aus der christlichen Tradition,A,Allgemein (alle Bundesländer)
289,Ein Mann mit dunkler Hautfarbe bekommt eine Stelle als Kellner nicht. Was ist ein Beispiel für Diskriminierung?,Er bekommt die Stelle nur deshalb nicht weil er eine dunkle Haut hat.,Er bekommt die Stelle nicht weil seine Deutschkenntnisse zu gering sind.,Er bekommt die Stelle nicht weil er zu hohe Gehaltsvorstellungen hat.,Er bekommt die Stelle nicht weil er keine Erfahrungen im Beruf hat.,A,Allgemein (alle Bundesländer)
290,Sie haben in Deutschland einen Fernseher gekauft aber er funktioniert nicht. Was können Sie machen?,den Fernseher reklamieren,eine Anzeige schreiben,das Gerät ungefragt austauschen,die Garantie verlängern,A,Allgemein (alle Bundesländer)
291,Warum muss man in Deutschland bei der Steuererklärung aufschreiben ob man zu einer Kirche gehört oder nicht?,weil es eine Kirchensteuer gibt die an die Einkommen- und Lohnsteuer geknüpft ist.,weil das für die Statistik in Deutschland wichtig ist.,weil man mehr Steuern zahlen muss wenn man nicht zu einer Kirche gehört.,weil die Kirche für die Steuererklärung verantwortlich ist.,A,Allgemein (alle Bundesländer)
292,Die Menschen in Deutschland leben nach dem Grundsatz der religiösen Toleranz. Was bedeutet das?,Jeder kann glauben was er möchte.,Es dürfen keine Moscheen gebaut werden.,Alle Menschen glauben an Gott.,Der Staat entscheidet an welchen Gott die Menschen glauben.,A,Allgemein (alle Bundesländer)
293,Was ist in Deutschland ein Brauch an Ostern?,Eier bemalen,Kürbisse vor die Tür stellen,einen Tannenbaum schmücken,Raketen in die Luft schießen,A,Allgemein (alle Bundesländer)
294,Pfingsten ist ein...,christlicher Feiertag.,deutscher Gedenktag.,internationaler Trauertag.,bayerischer Brauch.,A,Allgemein (alle Bundesländer)
295,Welche Religion hat die europäische und deutsche Kultur geprägt?,das Christentum,der Hinduismus,der Buddhismus,der Islam,A,Allgemein (alle Bundesländer)
296,In Deutschland nennt man die letzten vier Wochen vor Weihnachten...,die Adventszeit.,den Buß- und Bettag.,das Erntedankfest.,Allerheiligen.,A,Allgemein (alle Bundesländer)
297,Aus welchem Land sind die meisten Migranten nach Deutschland gekommen?,Türkei,Italien,Polen,Marokko,A,Allgemein (alle Bundesländer)
298,In der DDR lebten vor allem Migranten aus...,"Vietnam, Polen, Mosambik.","Frankreich, Rumänien, Somalia.","Chile, Ungarn, Simbabwe.","Nordkorea, Mexiko, Ägypten.",A,Allgemein (alle Bundesländer)
299,Ausländische Arbeitnehmer die in den 50er und 60er Jahren von der Bundesrepublik Deutschland angeworben wurden nannte man...,Gastarbeiter / Gastarbeiterinnen,Schwarzarbeiter / Schwarzarbeiterinnen,Zeitarbeiter / Zeitarbeiterinnen,Schichtarbeiter / Schichtarbeiterinnen,A,Allgemein (alle Bundesländer)
300,Aus welchem Land kamen die ersten Gastarbeiter in die Bundesrepublik Deutschland?,Italien,Spanien,Portugal,Türkei,A,Allgemein (alle Bundesländer)
301,Welches Wappen gehört zum Bundesland Baden-Württemberg? (Bildaufgabe),Antwort 1 (Wappen BW),Antwort 2,Antwort 3,Antwort 4,A,Baden-Württemberg
302,Welches ist ein Landkreis in Baden-Württemberg?,Neckar-Odenwald-Kreis,Demmin,Nordfriesland,Altötting,A,Baden-Württemberg
303,Für wie viele Jahre wird der Landtag in Baden-Württemberg gewählt?,5,3,4,6,A,Baden-Württemberg
304,Ab welchem Alter darf man in Baden-Württemberg bei Kommunalwahlen wählen?,16,14,18,20,A,Baden-Württemberg
305,Welche Farben hat die Landesflagge von Baden-Württemberg?,schwarz-gold,blau-weiß-rot,weiß-blau,grün-weiß-rot,A,Baden-Württemberg
306,Wo können Sie sich in Baden-Württemberg über politische Themen informieren?,bei der Landeszentrale für politische Bildung,beim Ordnungsamt der Gemeinde,bei der Verbraucherzentrale,bei den Kirchen,A,Baden-Württemberg
307,Die Landeshauptstadt von Baden-Württemberg heißt ...,Stuttgart.,Heidelberg.,Karlsruhe.,Mannheim.,A,Baden-Württemberg
308,Welches Bundesland ist Baden-Württemberg? (Bildaufgabe),Antwort 1,Antwort 2,Antwort 3,Antwort 4,A,Baden-Württemberg
309,Wie nennt man den Regierungschef / die Regierungschefin in Baden-Württemberg?,Ministerpräsident / Ministerpräsidentin,Erster Minister / Erste Ministerin,Premierminister / Premierministerin,Bürgermeister / Bürgermeisterin,A,Baden-Württemberg
310,Welchen Minister / welche Ministerin hat Baden-Württemberg nicht?,Außenminister / Außenministerin,Finanzminister / Finanzministerin,Justizminister / Justizministerin,Innenminister / Innenministerin,A,Baden-Württemberg
